{
    "sequence1": {
        "name": "sequence1",
        "annot_fn_pattern": "",
        "video_fn_pattern": "",
        "cam_nbr": 7,
        "video_frame_nbr": 400,
        "valid_frames_range": [0, 400],
        "frame_width": 1920,
        "frame_height": 1080,
        "homography": [
            [
                [ 1.10014366e+03,  1.63459630e+03,  5.24399018e+03],
                [ 2.78257761e+01,  4.33695183e+01,  5.17288075e+05],
                [-4.60170881e-01,  8.56268915e-01,  9.86723511e+02]
            ],
            [
                [-9.18186700e+02, -1.71909772e+03, 4.03649293e+06],
                [ 1.24007606e+01,  3.43132864e+01, 2.72462045e+05],
                [ 5.28230365e-01, -8.12121396e-01, 2.04053955e+03]
            ],
            [
                [-1.93838183e+03, -4.42663141e+01,  1.90240169e+06],
                [ 5.89126113e+01, -6.80859216e+01,  5.46970150e+05],
                [-4.12023180e-01, -8.80213947e-01,  1.99284570e+03]
            ],
            [
                [ 5.66244130e+01,  1.97407632e+03,  1.17442483e+06],
                [ 1.76304369e+01,  2.71127739e+01,  4.97982863e+05],
                [-8.22151873e-01,  4.89722865e-01,  1.10685730e+03]
            ],
            [
                [ 5.61213101e+02, -1.86140876e+03,  1.99149456e+06],
                [ 1.89568767e+02, -5.54050200e+01,  4.28413184e+05],
                [ 9.67865611e-01, -2.00805236e-01,  6.00288086e+02]
            ],
            [
                [2.00334064e+03, 9.25882632e+01, 4.55124887e+05],
                [5.78478244e+01, 7.41725021e+01, 4.88197281e+05],
                [4.48757471e-01, 8.80585093e-01, 1.04409448e+03]
            ],
            [
                [-1.19722375e+02,  1.94881324e+03, -1.43881197e+05],
                [ 1.93990135e+02,  1.12068414e+01,  3.83099102e+05],
                [-8.57178712e-01,  3.83244488e-01,  1.05276758e+03]
            ]

        ],
        "train_ratio": 0.9,
        "eval_ratio": 0.2,
        "test_ratio": 0.1
    }
}