{
	"S2L1": {
		"name": "S2L1",
		"annot_fn_pattern": "View_00{}.txt",
		"video_fn_pattern": "View_00{}.mp4",
		"cam_nbr": 4,
		"video_frame_nbr": 795,
		"valid_frames_range": [0, 794],
		"frame_width": 768,
		"frame_height": 576,
		"homography": [
		  [
			[    3.57176141,    16.79097101, -2462.84188741],
			[   -0.80135662,    21.58170185, -1738.5899321 ],
			[    0.00198796,     0.03148212,     1        ]
		  ],
		  [
			[ -0.20631565,  -2.51635747, 150.22093917],
			[ -0.01033705,  -5.02424729, 877.83487362],
			[  0.00042653,  -0.01024897,   1        ]
		  ],
		  [
			[ -0.39363088,  -4.54411471, 632.79707677],
			[  0.00912724,  -4.93876831, 643.98282992],
			[ -0.00027554,  -0.01057271,   1        ]
		  ],
		  [
			[  0.19513463,  -4.59927482, 596.44934172],
			[  0.27843567,  -2.85317116,  88.84397941],
			[  0.00004296,  -0.0098616,    1        ]
		  ]
		],
		"train_ratio": 0.9,
		"eval_ratio": 0.2,
		"test_ratio": 0.1
	}
}