{
	"Garden1": {
		"name": "Garden1",
		"annot_fn_pattern": "view-c{}.txt",
		"video_fn_pattern": "view-c{}.mp4",
		"cam_nbr": 4,
		"video_frame_nbr": 2849,
		"valid_frames_range": [0, 2848],
		"frame_width": 1920,
		"frame_height": 1080,
		"homography": [
		  [
			[  -0.40639907,   -3.62448037, 2239.84742084],
			[   0.13585524,   -2.46952715, 1207.81938122],
			[  -0.00004376,   -0.00229434,    1.0       ]
		  ],
		  [
			[  -0.78672022,   -0.17133304, -522.5720516 ],
			[  -0.64866858,   -3.88775756, 2316.20079192],
			[  -0.00017362,   -0.00337918,    1.0       ]
		  ],
		  [
			[  -4.01014661,   -1.37705057,  112.50803029],
			[  -0.7298686,   -22.0580094,  7956.02548585],
			[   0.00026454,   -0.01386101,    1.0       ]
		  ],
		  [
			[    1.38102985,    -2.44485309,  -550.45286166],
			[    0.35712095,     5.6537632,  -5054.81836743],
			[    0.00004264,    -0.00384731,     1.0       ]
		  ]
		],
		"train_ratio": 0.8,
		"eval_ratio": 0.2,
		"test_ratio": 0.2
	},
	"Garden2": {
		"name": "Garden2",
		"annot_fn_pattern": "view-HC{}.txt",
		"video_fn_pattern": "view-HC{}.mp4",
		"cam_nbr": 4,
		"video_frame_nbr": 6000,
		"valid_frames_range": [0, 5999],
		"frame_width": 1920,
		"frame_height": 1080,
		"homography": [
		  [
			[    0.96141795,     4.65740793, -5049.37860391],
			[   -0.4931555,      0.23851416,  -245.02789125],
			[    0.00015867,    -0.00278292,     1.0       ]
		  ],
		  [
			[  -0.35077036,   -3.42389692, 1052.23141688],
			[   0.0328537,    -4.24204778, 2087.60333118],
			[   0.00004121,   -0.00323591,    1.0       ]
		  ],
		  [
			[  -0.13644295,   -7.8031489,  3012.52888345],
			[   0.28325959,   -1.24388182, -127.08986763],
			[  -0.00017311,   -0.0032646,     1.0       ]
		  ],
		  [
			[  -0.32555137,   -2.70150525, 2684.2224718 ],
			[   0.87057627,    0.72091304, -720.21952792],
			[  -0.00012797,    0.00080483,    1.0       ]
		  ]
		],
		"train_ratio": 0.8,
		"eval_ratio": 0.2,
		"test_ratio": 0.2
	},
	"Parkinglot": {
		"name": "Parkinglot",
		"annot_fn_pattern": "view-GL{}.txt",
		"video_fn_pattern": "view-GL{}.mp4",
		"cam_nbr": 4,
		"video_frame_nbr": 6475,
		"valid_frames_range": [0, 6474],
		"frame_width": 1920,
		"frame_height": 1080,
		"homography": [
			[
				[  -3.04497305,   -5.74509481, 2243.86235386],
				[   0.13025033,  -12.99659771, 5174.15410887],
				[  -0.00034379,   -0.00799016,    1        ]
			],
			[
				[   -0.26502348,   -20.14397814,  6998.32453187],
				[    1.60423014,    -3.84370682, -1031.78233123],
				[   -0.00059983,    -0.00816207,     1        ]
			],
			[
				[   0.20607047,    0.00549715, -378.86210936],
				[  -0.0313818 ,   -0.18485826 ,  83.80591696],
				[   0.0000055 ,   -0.0016749  ,   1        ]
			],
			[
				[   -0.69759796,     3.47107469, -3059.44242746],
				[   -0.11450256,    -5.279795,    3802.87973094],
				[   -0.00000292,    -0.00279272,     1        ]
			]
		],
		"train_ratio": 0.9,
		"eval_ratio": 0.2,
		"test_ratio": 0.1
	}
}